School_ID,Short_Name,Safety_Level,School_Latitude,School_Longitude,Total_Crimes,Total_Robberies,Total_Weapon_Violations,Total_Homicides,ACT_Score,College_Enrollment_Pct,Graduation_Pct,Level
610385,MULTICULTURAL HS,2.0,41.835282,-87.735283,397.0,13.0,6.0,,14.6,41.0,82.0,4.0
609783,JEFFERSON HS,2.0,41.867832,-87.680418,1031.0,49.0,10.0,2.0,,,,
400117,NOBLE - HANSBERRY HS,2.0,41.734442,-87.650987,1840.0,76.0,63.0,9.0,19.1,,86.2,1.0
400102,URBAN PREP - WEST HS,1.0,41.86254,-87.660107,1741.0,64.0,14.0,5.0,16.6,74.6,57.3,3.0
610513,AIR FORCE HS,2.0,41.828145,-87.632757,1124.0,63.0,19.0,2.0,18.8,61.5,86.7,4.0
609727,PHILLIPS HS,2.0,41.82388,-87.619796,2339.0,114.0,27.0,6.0,15.2,55.4,63.0,3.0
609712,HIRSCH HS,3.0,41.753748,-87.601727,3362.0,187.0,73.0,11.0,13.1,40.5,40.0,3.0
609711,HARPER HS,1.0,41.775124,-87.669089,2985.0,158.0,108.0,12.0,14.6,31.9,55.9,3.0
610567,MAGIC JOHNSON - ROSELAND HS,2.0,41.69516,-87.642697,1129.0,49.0,18.0,2.0,15.0,14.3,,
400130,YCCS - YOUTH DEVELOPMENT,2.0,41.75137700000001,-87.64173100000002,2954.0,112.0,97.0,4.0,12.5,14.6,,
400056,NOBLE - ROWE CLARK HS,1.0,41.895362,-87.718047,4045.0,221.0,123.0,16.0,18.5,76.9,78.6,4.0
400173,PATHWAYS - BRIGHTON PARK HS,3.0,41.808226,-87.70264499999998,949.0,72.0,16.0,4.0,14.6,22.4,,
609764,JUAREZ HS,2.0,41.852667,-87.663732,1104.0,31.0,13.0,2.0,16.5,50.6,78.6,4.0
400098,NOBLE - MUCHIN HS,3.0,41.88274000000001,-87.626338,9951.0,346.0,14.0,1.0,21.8,88.4,94.8,2.0
609695,AMUNDSEN HS,3.0,41.975067,-87.679484,895.0,26.0,3.0,,18.2,54.4,76.0,2.0
610381,BRONZEVILLE HS,,41.805204,-87.625004,2032.0,116.0,54.0,9.0,14.8,65.5,75.9,3.0
400034,CICS - NORTHTOWN HS,3.0,41.990245,-87.726504,234.0,9.0,2.0,,19.4,76.6,84.4,2.0
400106,NOBLE - JOHNSON HS,2.0,41.778369,-87.63511700000002,1717.0,98.0,58.0,3.0,18.2,81.3,77.7,4.0
609768,HOPE HS,2.0,41.793553,-87.641244,1631.0,75.0,54.0,15.0,14.7,44.8,61.9,3.0
400035,CHICAGO MATH & SCIENCE HS,2.0,42.013031,-87.674818,2630.0,95.0,26.0,2.0,20.8,72.0,85.9,2.0
400053,NOBLE - GOLDER HS,2.0,41.895282,-87.66448299999998,2034.0,123.0,3.0,4.0,19.5,80.5,86.2,2.0
609738,LINCOLN PARK HS,2.0,41.918268,-87.64600899999998,2060.0,83.0,3.0,,22.3,79.6,90.9,2.0
609745,SOUTHSIDE HS,,41.759852,-87.675947,1594.0,60.0,58.0,5.0,,2.1,,
609707,ROBESON HS,2.0,41.769714,-87.637153,2528.0,123.0,90.0,11.0,13.2,46.4,54.9,3.0
609726,BROOKS HS,3.0,41.692763,-87.616353,2326.0,100.0,56.0,12.0,22.5,85.1,90.4,2.0
609760,CARVER MILITARY HS,3.0,41.65629000000001,-87.59062,409.0,10.0,12.0,3.0,18.0,45.7,89.9,2.0
609749,NORTHSIDE PREP HS,4.0,41.981315,-87.708708,758.0,26.0,6.0,,29.5,93.4,96.6,2.0
400057,NOBLE - UIC HS,3.0,41.865817,-87.67611099999998,1001.0,34.0,7.0,2.0,22.2,88.0,92.4,2.0
610245,DOUGLASS HS,2.0,41.890369,-87.767668,2963.0,166.0,80.0,18.0,13.6,20.7,60.9,3.0
400059,NORTH LAWNDALE - COLLINS HS,2.0,41.86414600000001,-87.700681,2961.0,106.0,130.0,17.0,14.5,63.2,75.7,3.0
400119,LEGAL PREP HS,2.0,41.881733,-87.733778,3978.0,253.0,108.0,16.0,16.0,,77.5,4.0
609756,CURIE HS,2.0,41.80306,-87.722042,929.0,44.0,8.0,5.0,17.4,65.8,78.7,4.0
400086,URBAN PREP - ENGLEWOOD HS,1.0,41.781498,-87.634357,1486.0,93.0,43.0,8.0,16.7,67.1,78.7,3.0
400058,NORTH LAWNDALE - CHRISTIANA HS,1.0,41.858564,-87.708987,4009.0,184.0,156.0,15.0,15.3,65.8,75.9,3.0
609780,MARINE LEADERSHIP AT AMES HS,3.0,41.916045,-87.721742,2069.0,132.0,39.0,5.0,18.4,46.2,,1.0
610340,CHICAGO ACADEMY HS,3.0,41.943054,-87.776847,868.0,26.0,3.0,,18.5,80.4,87.1,1.0
609724,MATHER HS,2.0,41.987589,-87.702496,965.0,30.0,11.0,1.0,17.4,66.3,78.5,1.0
609733,SULLIVAN HS,2.0,42.002688,-87.66919200000002,1820.0,81.0,19.0,2.0,15.1,51.5,66.1,4.0
610581,MAGIC JOHNSON - BRAINERD HS,2.0,41.731492,-87.66314,1593.0,83.0,35.0,11.0,14.2,,,
400135,YCCS - LATINO YOUTH,2.0,41.854665,-87.69543,1903.0,108.0,41.0,8.0,13.9,6.9,,
609705,FENGER HS,3.0,41.689951,-87.63757199999998,1476.0,59.0,31.0,1.0,14.7,29.0,57.7,3.0
400161,CHICAGO COLLEGIATE,3.0,41.679318,-87.617968,1442.0,53.0,45.0,3.0,,,,3.0
400123,YCCS - SCHOLASTIC ACHIEVEMENT,2.0,41.880447,-87.74253900000002,4444.0,239.0,147.0,23.0,13.3,8.9,,
609698,BOGAN HS,2.0,41.749376,-87.721097,730.0,54.0,5.0,,14.9,54.6,71.4,3.0
610380,WILLIAMS HS,2.0,41.806118,-87.62503000000002,2042.0,117.0,54.0,8.0,17.1,74.7,87.3,4.0
400066,PERSPECTIVES - MATH & SCI HS,1.0,41.827784,-87.624788,2158.0,131.0,31.0,4.0,17.3,62.3,75.7,4.0
609694,HANCOCK HS,2.0,41.79146400000001,-87.72447,988.0,65.0,15.0,1.0,16.9,58.3,86.2,2.0
610587,DYETT ARTS HS,,41.801204,-87.612239,2321.0,119.0,37.0,10.0,,,,1.0
400125,YCCS - ASPIRA PANTOJA,3.0,41.938187,-87.727137,1589.0,48.0,15.0,1.0,14.1,4.2,,
609739,WASHINGTON HS,2.0,41.688137,-87.53757,279.0,1.0,8.0,,17.7,54.9,81.4,1.0
400157,NOBLE - BAKER HS,,41.734622,-87.556201,1931.0,80.0,32.0,8.0,19.6,,,4.0
609750,SIMPSON HS,4.0,41.864365,-87.668722,1279.0,40.0,13.0,4.0,16.7,,,
610506,TEAM HS,1.0,41.781485,-87.63301899999998,1508.0,80.0,42.0,8.0,14.3,50.7,75.9,5.0
609682,RICHARDS HS,1.0,41.802881,-87.662278,2206.0,138.0,61.0,11.0,14.6,47.4,59.5,3.0
400032,CICS - ELLISON HS,2.0,41.748382,-87.66898,2434.0,128.0,64.0,10.0,16.3,64.3,77.8,3.0
400162,INTRINSIC HS,3.0,41.938988,-87.741129,1245.0,40.0,8.0,1.0,19.2,,,2.0
609753,CHICAGO AGRICULTURE HS,3.0,41.691221,-87.71777,154.0,2.0,1.0,,20.2,79.8,83.9,2.0
610384,INFINITY HS,2.0,41.836169,-87.73527800000002,496.0,23.0,8.0,2.0,18.8,58.5,91.6,2.0
610543,SOLORIO HS,3.0,41.795201,-87.71105899999998,1101.0,85.0,10.0,3.0,18.4,62.2,82.7,2.0
610561,CRANE MEDICAL HS,2.0,41.876947,-87.683301,2521.0,164.0,28.0,9.0,18.7,,,1.0
609762,JULIAN HS,2.0,41.705859,-87.653749,791.0,32.0,9.0,4.0,14.7,40.4,71.3,3.0
609715,KELLY HS,1.0,41.818729,-87.694639,1282.0,78.0,22.0,10.0,17.1,55.1,79.2,4.0
609766,VAUGHN HS,3.0,41.960364,-87.764663,890.0,18.0,4.0,,,10.8,20.6,
609741,HUBBARD HS,2.0,41.780526,-87.718014,1146.0,59.0,11.0,2.0,17.1,56.2,82.9,1.0
400145,YCCS - YOUTH CONNECTION,,41.832072,-87.62678100000002,1691.0,122.0,19.0,2.0,13.6,17.6,,
610580,MAGIC JOHNSON - HUMBOLDT PK HS,3.0,41.902925,-87.687889,2671.0,116.0,21.0,3.0,15.4,22.2,,
610524,ALCOTT HS,3.0,41.935795,-87.680562,1230.0,25.0,7.0,,17.6,59.6,81.3,1.0
610558,GOODE HS,1.0,41.75375,-87.70734499999998,726.0,45.0,6.0,2.0,16.6,,92.1,1.0
610394,UPLIFT HS,2.0,41.965547,-87.652473,2377.0,77.0,15.0,7.0,15.6,65.4,58.4,3.0
400176,CAMELOT - EXCEL SOUTHWEST HS,2.0,41.765929,-87.69073,2054.0,101.0,45.0,10.0,13.6,27.3,,
400064,PERSPECTIVES - JOSLIN HS,2.0,41.855999,-87.62853100000002,1434.0,86.0,6.0,1.0,17.5,81.6,94.5,4.0
609730,SENN HS,2.0,41.989029,-87.667136,1372.0,59.0,10.0,,18.3,59.4,85.8,1.0
400010,ACE TECH HS,1.0,41.796122,-87.625849,2414.0,132.0,49.0,22.0,15.2,56.3,67.7,3.0
610391,LINDBLOM HS,3.0,41.782041,-87.671662,2406.0,134.0,52.0,10.0,22.9,83.6,89.3,2.0
610383,SOCIAL JUSTICE HS,2.0,41.833507,-87.735299,285.0,10.0,3.0,,15.6,56.6,77.6,4.0
609748,YORK HS,2.0,41.842533,-87.695261,1182.0,41.0,35.0,7.0,,5.1,,
400105,URBAN PREP - BRONZEVILLE HS,1.0,41.831118,-87.613629,1961.0,123.0,16.0,1.0,16.6,75.0,83.1,3.0
400033,CICS - LONGWOOD,1.0,41.721221,-87.65576800000002,1140.0,74.0,15.0,3.0,15.4,64.9,73.3,4.0
610357,SPRY HS,2.0,41.847762,-87.69894599999998,2259.0,118.0,57.0,8.0,,47.2,83.6,4.0
610389,ORR HS,2.0,41.894449,-87.726166,3141.0,174.0,104.0,20.0,14.2,45.3,46.4,3.0
609746,KENWOOD HS,3.0,41.803772,-87.59042099999998,1527.0,74.0,4.0,2.0,19.2,78.3,86.3,2.0
609725,MORGAN PARK HS,1.0,41.692035,-87.665658,838.0,21.0,25.0,2.0,17.3,66.8,82.6,4.0
400133,YCCS - INNOVATIONS,2.0,41.883047,-87.627734,10105.0,349.0,14.0,2.0,13.6,24.4,,
610323,BOWEN HS,2.0,41.734627,-87.55755,1879.0,76.0,31.0,8.0,14.6,49.4,61.9,3.0
609718,KENNEDY HS,2.0,41.789961,-87.78084,398.0,2.0,4.0,,18.1,59.5,73.8,4.0
400113,CICS - CHICAGOQUEST HS,2.0,41.907797,-87.645561,2569.0,63.0,14.0,4.0,16.5,,,4.0
400139,YCCS - SULLIVAN,2.0,41.746287,-87.578492,1633.0,90.0,37.0,8.0,13.1,7.4,,
400097,NOBLE - BULLS HS,3.0,41.878809,-87.678195,2444.0,159.0,21.0,6.0,21.7,84.4,81.9,2.0
400094,EPIC HS,2.0,41.744849,-87.55022199999998,2103.0,84.0,55.0,7.0,17.5,72.7,74.3,1.0
400055,NOBLE - RAUNER HS,3.0,41.892425,-87.660859,2059.0,105.0,2.0,3.0,20.9,77.2,83.8,2.0
400061,PERSPECTIVES - LEADERSHIP HS,1.0,41.745961,-87.652045,2913.0,111.0,104.0,13.0,16.8,53.2,80.3,4.0
400143,YCCS - WEST TOWN,,41.89080300000001,-87.702053,2061.0,118.0,40.0,7.0,13.2,8.3,,
609722,MANLEY HS,1.0,41.870939,-87.699896,3079.0,149.0,105.0,18.0,14.1,35.9,43.3,5.0
609719,LAKE VIEW HS,2.0,41.954764,-87.668953,932.0,23.0,,,17.5,65.7,88.2,1.0
609751,KING HS,2.0,41.813675,-87.603874,2088.0,91.0,19.0,5.0,20.6,82.1,88.5,2.0
610570,OMBUDSMAN - SOUTH HS,2.0,41.783027,-87.683635,2153.0,131.0,51.0,8.0,14.1,12.8,,
609674,CHICAGO VOCATIONAL HS,1.0,41.737174,-87.573268,1083.0,41.0,14.0,3.0,15.6,34.4,76.8,3.0
610566,MAGIC JOHNSON - N LAWNDALE HS,3.0,41.866478,-87.706604,4177.0,168.0,168.0,23.0,12.9,12.5,,
609691,NORTH-GRAND HS,2.0,41.911674,-87.735238,2330.0,113.0,42.0,6.0,15.9,42.6,79.3,1.0
400142,YCCS - VIRTUAL,,41.876317,-87.674138,1797.0,81.0,14.0,4.0,,18.2,,
609744,NORTHSIDE LEARNING HS,5.0,41.982973,-87.722386,338.0,9.0,2.0,,,0.0,0.0,
400131,YCCS - CAMPOS,2.0,41.90285,-87.69600600000003,2195.0,95.0,27.0,4.0,14.0,19.1,,
610569,OMBUDSMAN - NORTHWEST HS,3.0,42.01717100000001,-87.806682,81.0,2.0,,,15.6,37.8,,
400091,CHICAGO TECH HS,2.0,41.863301,-87.659095,1691.0,67.0,13.0,4.0,15.6,60.0,77.0,4.0
610518,AUSTIN CCA HS,1.0,41.885993,-87.761916,4173.0,215.0,120.0,21.0,14.6,40.0,77.3,3.0
610568,PATHWAYS - AVONDALE HS,4.0,41.939433,-87.705206,1092.0,45.0,5.0,,14.4,16.7,,
400054,NOBLE - PRITZKER HS,2.0,41.915214,-87.730127,2019.0,102.0,44.0,5.0,21.9,85.7,91.3,2.0
609740,WELLS HS,2.0,41.898995,-87.66748299999998,2261.0,130.0,4.0,6.0,15.4,51.0,75.7,4.0
400118,NOBLE - DRW HS,2.0,41.869328,-87.71165400000002,4549.0,195.0,164.0,24.0,18.6,,77.7,4.0
609729,SCHURZ HS,2.0,41.946365,-87.735612,987.0,32.0,4.0,1.0,16.4,50.1,74.3,3.0
609737,VON STEUBEN HS,3.0,41.973185,-87.713386,1275.0,86.0,14.0,,21.3,73.4,91.1,2.0
400062,PERSPECTIVES - TECH HS,1.0,41.745949,-87.650657,2786.0,104.0,103.0,13.0,16.5,75.7,80.6,1.0
400128,YCCS - CCA ACADEMY,2.0,41.864943,-87.723662,4536.0,239.0,176.0,22.0,13.4,6.3,,
400104,INSTITUTO - HEALTH,2.0,41.845967,-87.68724,1329.0,46.0,29.0,4.0,16.7,56.4,85.0,1.0
610571,OMBUDSMAN - WEST HS,2.0,41.874673,-87.687842,2634.0,152.0,43.0,12.0,14.4,7.4,,
400136,YCCS - OLIVE HARVEY,2.0,41.712922,-87.592333,350.0,13.0,9.0,1.0,15.1,39.3,,
610334,RABY HS,2.0,41.88621,-87.715423,3255.0,162.0,98.0,14.0,14.5,51.1,67.5,3.0
610304,PHOENIX MILITARY HS,2.0,41.879118,-87.68696,2575.0,178.0,31.0,12.0,19.0,45.2,92.9,2.0
609708,FOREMAN HS,2.0,41.939797,-87.75416700000002,1379.0,53.0,13.0,1.0,15.3,44.6,64.7,3.0
609709,GAGE PARK HS,1.0,41.791013,-87.68895400000002,1450.0,89.0,21.0,7.0,14.4,21.8,62.8,4.0
610392,WORLD LANGUAGE HS,2.0,41.834397,-87.735292,345.0,12.0,6.0,,17.5,57.8,85.0,2.0
609716,KELVYN PARK HS,2.0,41.927918,-87.73599899999998,1295.0,51.0,21.0,5.0,15.0,36.2,65.7,3.0
610563,BACK OF THE YARDS HS,3.0,41.808413,-87.677541,1544.0,92.0,33.0,15.0,17.6,,,2.0
400144,YCCS - WESTSIDE HOLISTIC,,41.90224,-87.74880999999998,2648.0,118.0,77.0,15.0,14.1,20.8,,
610244,CLARK HS,2.0,41.872885,-87.753325,3314.0,160.0,101.0,16.0,16.3,54.1,82.1,4.0
609734,TAFT HS,2.0,41.982961,-87.791547,345.0,3.0,1.0,,18.9,63.0,87.2,1.0
610499,COLLINS HS,1.0,41.864149,-87.702042,3280.0,116.0,141.0,17.0,14.7,41.2,61.0,3.0
609679,PROSSER HS,2.0,41.920059,-87.761048,1483.0,44.0,25.0,4.0,18.1,66.4,87.6,2.0
400175,CAMELOT - EXCEL SOUTHSHORE HS,,41.759749,-87.556487,2942.0,149.0,62.0,15.0,13.8,8.3,,
400052,NOBLE - COMER,,41.764083,-87.601974,1505.0,92.0,34.0,4.0,17.9,84.2,85.4,4.0
609759,CLEMENTE HS,2.0,41.902626,-87.68690600000002,2732.0,121.0,19.0,3.0,15.4,43.3,81.5,3.0
400013,ASPIRA - EARLY COLLEGE HS,2.0,41.937298,-87.727096,1651.0,52.0,15.0,2.0,14.9,29.5,79.2,4.0
609769,GRAHAM HS,3.0,41.849675,-87.625315,1665.0,107.0,11.0,3.0,,3.7,,
610402,DEVRY HS,5.0,41.941388,-87.690761,818.0,22.0,6.0,,21.1,80.0,,2.0
400172,ASPIRA - BUSINESS & FINANCE HS,3.0,41.935726,-87.718204,1959.0,95.0,17.0,2.0,,,,1.0
609732,STEINMETZ HS,1.0,41.935634,-87.78351500000002,964.0,37.0,11.0,,16.3,47.4,73.9,4.0
609692,SIMEON HS,2.0,41.745781,-87.63541,1976.0,74.0,52.0,4.0,16.2,63.2,85.2,1.0
400150,YCCS - CHATHAM,3.0,41.730131,-87.60698000000002,1532.0,81.0,38.0,6.0,13.3,19.4,,
610547,SOUTH SHORE INTL HS,2.0,41.758792,-87.576353,3153.0,193.0,67.0,11.0,17.9,64.2,86.5,1.0
609735,TILDEN HS,2.0,41.80751,-87.642966,881.0,48.0,16.0,4.0,14.5,31.7,55.2,3.0
609754,CHICAGO MILITARY HS,2.0,41.830555,-87.61921600000002,2121.0,146.0,20.0,1.0,16.9,44.8,89.6,1.0
400124,YCCS - MCKINLEY,1.0,41.841331,-87.625331,1378.0,119.0,11.0,3.0,13.9,12.5,,
609678,JONES HS,4.0,41.873066,-87.627675,5065.0,233.0,14.0,1.0,26.2,87.3,98.1,2.0
609728,ROOSEVELT HS,1.0,41.964828,-87.71481899999998,1960.0,125.0,18.0,2.0,15.5,38.0,69.7,3.0
609713,HYDE PARK HS,1.0,41.782257,-87.58661500000002,819.0,54.0,8.0,,15.7,47.7,57.0,4.0
400134,YCCS - ADDAMS,5.0,41.857208,-87.644888,1117.0,54.0,8.0,1.0,13.1,16.7,,
400036,CHICAGO VIRTUAL,4.0,41.88055,-87.649772,2805.0,101.0,6.0,1.0,18.8,68.0,60.0,3.0
609693,WESTINGHOUSE HS,3.0,41.889977,-87.707332,2720.0,135.0,65.0,12.0,20.7,76.7,93.3,2.0
610386,PEACE AND EDUCATION HS,2.0,41.803515,-87.667378,2457.0,159.0,66.0,14.0,13.8,27.0,,
609710,HARLAN HS,1.0,41.718372,-87.620623,1407.0,111.0,32.0,11.0,15.2,48.0,57.4,3.0
400087,YOUNG WOMENS HS,1.0,41.844544,-87.618724,1252.0,72.0,8.0,3.0,15.7,61.4,67.6,4.0
400141,YCCS - TRUMAN,2.0,41.96529500000001,-87.659239,2483.0,75.0,14.0,7.0,16.0,26.4,,
609720,LANE TECH HS,3.0,41.946645,-87.691013,747.0,25.0,4.0,,25.6,85.0,95.5,2.0
610564,DISNEY II HS,2.0,41.952488,-87.72136400000002,1273.0,47.0,3.0,1.0,19.2,,,2.0
609680,PAYTON HS,4.0,41.901575,-87.635385,4655.0,175.0,25.0,5.0,29.6,87.7,98.5,2.0
400127,YCCS - AUSTIN CAREER,2.0,41.894976,-87.760221,3630.0,204.0,107.0,23.0,12.8,14.9,,
609761,CORLISS HS,2.0,41.70666,-87.60121600000002,678.0,24.0,20.0,,14.3,34.4,64.3,3.0
610529,OGDEN HS,2.0,41.893548,-87.659405,1880.0,92.0,2.0,3.0,19.7,72.6,93.9,2.0
609755,YOUNG HS,4.0,41.87860300000001,-87.664233,1943.0,76.0,1.0,2.0,27.9,85.2,96.1,2.0
610390,RICKOVER MILITARY HS,2.0,41.989021,-87.665789,1548.0,69.0,11.0,,18.0,63.3,88.3,1.0
609704,FARRAGUT HS,1.0,41.84856,-87.708706,2900.0,177.0,99.0,8.0,15.2,37.8,62.6,4.0
609676,DUNBAR HS,1.0,41.840226,-87.617637,1433.0,125.0,9.0,3.0,14.4,43.5,62.5,3.0
400077,U OF C - WOODLAWN HS,1.0,41.77813,-87.598114,2209.0,144.0,39.0,8.0,17.2,80.4,73.1,1.0
400171,FOUNDATIONS,1.0,41.694671,-87.65353499999998,995.0,36.0,25.0,3.0,,,,4.0
610557,PATHWAYS - ASHBURN HS,4.0,41.735239,-87.70406,332.0,14.0,1.0,,15.1,18.8,,
400179,NOBLE - MANSUETO HS,,41.800136,-87.728003,1007.0,52.0,9.0,5.0,,,,2.0
400051,NOBLE - NOBLE HS,3.0,41.900191,-87.662628,1917.0,100.0,2.0,5.0,21.2,84.7,94.1,2.0
400169,NOBLE - ITW SPEER HS,3.0,41.92563,-87.769808,1386.0,50.0,25.0,4.0,,,,2.0
400156,NOBLE - BUTLER HS,3.0,41.706667,-87.60257299999998,760.0,37.0,21.0,,19.2,,,4.0
400126,YCCS - ASSOCIATION HOUSE,2.0,41.901572,-87.70685999999998,2559.0,145.0,48.0,7.0,13.3,6.8,,
400085,ACERO - GARCIA HS,3.0,41.809171,-87.730467,671.0,22.0,6.0,4.0,17.7,63.0,89.2,2.0
400149,ACERO - SOTO HS,2.0,41.801762,-87.711025,853.0,56.0,7.0,2.0,16.6,,,4.0
400164,INSTITUTO - LOZANO MASTERY HS,2.0,41.845957,-87.685903,1249.0,42.0,27.0,4.0,,18.2,,
400022,CHIARTS HS,3.0,41.899377,-87.69494499999998,1871.0,83.0,23.0,5.0,19.4,79.6,84.6,2.0
400129,YCCS - PROGRESSIVE LEADERSHIP,2.0,41.773962,-87.61574,3006.0,188.0,72.0,14.0,12.6,0.0,,
610565,CAMELOT - EXCEL ENGLEWOOD HS,2.0,41.763896,-87.649124,2720.0,139.0,110.0,17.0,13.6,7.8,,
400147,CAMELOT - EXCEL HS,3.0,41.69195300000001,-87.654248,1125.0,44.0,29.0,5.0,,7.5,,
610573,CAMELOT - SAFE HS,,41.753115,-87.551804,2712.0,130.0,79.0,16.0,,,,
400137,LITTLE BLACK PEARL HS,,41.809695,-87.59934,1801.0,89.0,9.0,5.0,14.0,66.7,,
400170,NOBLE - ACADEMY HS,3.0,41.906879,-87.645577,2585.0,64.0,16.0,5.0,,,,2.0
609723,MARSHALL HS,3.0,41.878444,-87.70805,3319.0,164.0,89.0,25.0,15.8,43.8,46.1,3.0
400012,,,,,,,,,14.8,,59.0,
400018,,,,,,,,,14.4,31.8,71.0,
610501,,,,,,,,,14.0,17.4,47.1,
610555,,,,,,,,,12.7,11.4,,
800003,,,,,,,,,,,,
610585,,,,,,,,,,,,
400115,,,,,,,,,15.9,76.9,82.4,
400108,,,,,,,,,14.3,36.1,55.7,
400038,,,,,,,,,,25.0,,
400148,,,,,,,,,13.9,,,
800011,,,,,,,,,,,,
800012,,,,,,,,,,16.7,,
610582,,,,,,,,,14.2,20.8,,
400070,,,,,,,,,14.5,14.7,,
400109,,,,,,,,,13.6,18.6,,
610574,,,,,,,,,,,,
800014,,,,,,,,,,,,
800016,,,,,,,,,,,,
400121,,,,,,,,,16.6,,,
400015,,,,,,,,,,30.8,61.1,
400042,,,,,,,,,,62.1,,
400073,,,,,,,,,,47.7,68.7,
609702,,,,,,,,,,37.5,,
609736,,,,,,,,,,38.5,,
610495,,,,,,,,,,27.3,,
610497,,,,,,,,,,15.6,,
400093,,,,,,,,,,,70.2,
610502,,,,,,,,,,,87.3,
610535,,,,,,,,,,,72.4,
